{"cameraMode":{"drawMode":0,"name":"Shaded","section":"Shading Mode"},"sceneLighting":true,"audioPlay":false,"sceneViewState":{"m_AlwaysRefresh":false,"showFog":true,"showSkybox":true,"showFlares":true,"showImageEffects":true,"showParticleSystems":true,"showVisualEffectGraphs":true,"m_FxEnabled":true},"in2DMode":false,"pivot":{"x":17.303775787353517,"y":38.568504333496097,"z":-67.07432556152344},"rotation":{"x":0.3214067816734314,"y":-0.6448834538459778,"z":0.34438908100128176,"w":0.6018539667129517},"size":0.3898793160915375,"orthographic":false}