{"cameraMode":{"drawMode":0,"name":"Shaded","section":"Shading Mode"},"sceneLighting":true,"audioPlay":false,"sceneViewState":{"m_AlwaysRefresh":false,"showFog":true,"showSkybox":true,"showFlares":true,"showImageEffects":true,"showParticleSystems":true,"showVisualEffectGraphs":true,"m_FxEnabled":true},"in2DMode":false,"pivot":{"x":107.87364959716797,"y":49.38018035888672,"z":471.7426452636719},"rotation":{"x":0.10541532188653946,"y":-0.5399280190467835,"z":0.06842156499624253,"w":0.8323543667793274},"size":0.3898793160915375,"orthographic":false}